https://ekaterinburg.drom.ru/mazda/rx-8/28422377.html,"Ссылка: https://ekaterinburg.drom.ru/mazda/rx-8/28422377.html
Двигатель: бензин, 1.3 л
Мощность: 238 л.с
Трансмиссия: механика
Привод: задний
Тип кузова: седан
Цвет: черный
Пробег по России: есть
Пробег, км: 111000
Руль: левый
Особые отметки: требуется ремонт или не на ходу
Поколение: 1 поколение
VIN: JM1FE173840****92
Дополнительно: Продам недвижимость под СВАП или восстановление. С документами все в порядке. Двигатель застрел первой секции. Остался Статор и задняя крышка, остальное в чермете. По кузову есть недочеты, не критичные. За 5 лет владения красил только бампер из стекловолокна при установке.
 ТОРГ У КАПОТА.
Город: Екатеринбург
Фото: [""https://s.auto.drom.ru/i24216/s/photos/28423/28422377/gen1200_255768484.jpg"", ""https://s.auto.drom.ru/i24216/s/photos/28423/28422377/gen1200_255768533.jpg"", ""https://s.auto.drom.ru/i24216/s/photos/28423/28422377/gen1200_255768539.jpg"", ""https://s.auto.drom.ru/i24216/s/photos/28423/28422377/gen1200_255768543.jpg"", ""https://s.auto.drom.ru/i24216/s/photos/28423/28422377/gen1200_255768546.jpg"", ""https://s.auto.drom.ru/i24216/s/photos/28423/28422377/gen1200_255768549.jpg"", ""https://s.auto.drom.ru/i24216/s/photos/28423/28422377/gen1200_255768553.jpg"", ""https://s.auto.drom.ru/i24216/s/photos/28423/28422377/gen1200_255768556.jpg"", ""https://s.auto.drom.ru/i24216/s/photos/28423/28422377/gen1200_255879305.jpg"", ""https://s.auto.drom.ru/i24216/s/photos/28423/28422377/gen1200_255879388.jpg"", ""https://s.auto.drom.ru/i24216/s/photos/28423/28422377/gen1200_255879395.jpg"", ""https://s.auto.drom.ru/i24216/s/photos/28423/28422377/gen1200_255879401.jpg"", ""https://s.auto.drom.ru/i24216/s/photos/28423/28422377/gen1200_255879408.jpg"", ""https://s.auto.drom.ru/i24216/s/photos/28423/28422377/gen1200_255879410.jpg"", ""https://s.auto.drom.ru/i24216/s/photos/28423/28422377/gen1200_255879478.jpg""]
Цена: 249999"
https://rostov-na-donu.drom.ru/mazda/rx-8/28976779.html,"Ссылка: https://rostov-na-donu.drom.ru/mazda/rx-8/28976779.html
Двигатель: бензин, 1.3 л
Мощность: 192 л.с
Трансмиссия: автомат
Привод: задний
Тип кузова: седан
Цвет: черный
Пробег по России: есть
Пробег, км: 65000
Руль: левый
Поколение: 
VIN: JM1FE17N650****16
Дополнительно: На полном ходу, все работает, срочно, торг. На обмен дороже.
Обмен: на равноценную, на более дешевую, не на авто
Город: Ростов-на-Дону
Фото: [""https://s.auto.drom.ru/i24218/s/photos/28977/28976779/gen1200_269784372.jpg"", ""https://s.auto.drom.ru/i24218/s/photos/28977/28976779/gen1200_269784493.jpg"", ""https://s.auto.drom.ru/i24218/s/photos/28977/28976779/gen1200_269784507.jpg"", ""https://s.auto.drom.ru/i24218/s/photos/28977/28976779/gen1200_269784529.jpg"", ""https://s.auto.drom.ru/i24218/s/photos/28977/28976779/gen1200_269784565.jpg"", ""https://s.auto.drom.ru/i24218/s/photos/28977/28976779/gen1200_269784588.jpg"", ""https://s.auto.drom.ru/i24218/s/photos/28977/28976779/gen1200_269784604.jpg"", ""https://s.auto.drom.ru/i24218/s/photos/28977/28976779/gen1200_269784621.jpg"", ""https://s.auto.drom.ru/i24218/s/photos/28977/28976779/gen1200_269786508.jpg""]
Цена: 235000"
https://habarovsk.drom.ru/mazda/rx-8/27531164.html,"Ссылка: https://habarovsk.drom.ru/mazda/rx-8/27531164.html
Двигатель: бензин, 1.3 л
Мощность: 210 л.с
Трансмиссия: механика
Привод: задний
Тип кузова: купе
Цвет: белый
Пробег по России: есть
Пробег, км: 194000
Руль: правый
Поколение: 1 поколение
Номер кузова: SE3P****42
Обмен: на более дешевуюМашина не находу двигатель встал. не распил документами всё ровно.
Город: Хабаровск
Фото: [""https://s.auto.drom.ru/i24213/s/photos/27532/27531164/gen1200_237251260.jpg"", ""https://s.auto.drom.ru/i24213/s/photos/27532/27531164/gen1200_237251276.jpg"", ""https://s.auto.drom.ru/i24216/s/photos/27532/27531164/gen1200_253199432.jpg""]
Цена: 250000"
https://omsk.drom.ru/mazda/rx-8/28965067.html,"Ссылка: https://omsk.drom.ru/mazda/rx-8/28965067.html
Двигатель: бензин, 1.3 л
Мощность: 210 л.с
Трансмиссия: автомат
Привод: задний
Тип кузова: седан
Цвет: серый
Пробег по России: есть
Руль: правый
Поколение: 
Номер кузова: SE3P****30
Дополнительно: Продам любимую мазду RX-8 в хорошем техническом состоянии не на катался не на игрался просто ситуация заставляет расстаться с мечтой авто приносит массу положительных Эмоций собирает много взглядов на дороги в машине присутствует аудио система бос 8 динамиков мульти руль на котором присутствуют лепестки переключения АКПП Сигнализация с автозапуском и обратной связи По технической части автомобиль не требует никакого вложения на днях было проведена плановое Т/О фару уже купли надо только установить У кого какие вопросы звоните торг только у авто и при виде денег С глупыми вопросами 250 260 270 280 не беспокоить не тратьте моё и свое время
Обмен: на более дорогую, на равноценную, на более дешевую, не на автоНа обмен 400т.р
Город: Омск
Фото: [""https://s.auto.drom.ru/i24218/s/photos/28966/28965067/gen1200_269514841.jpg"", ""https://s.auto.drom.ru/i24218/s/photos/28966/28965067/gen1200_269514858.jpg"", ""https://s.auto.drom.ru/i24218/s/photos/28966/28965067/gen1200_269514872.jpg"", ""https://s.auto.drom.ru/i24218/s/photos/28966/28965067/gen1200_269514879.jpg"", ""https://s.auto.drom.ru/i24218/s/photos/28966/28965067/gen1200_269514887.jpg"", ""https://s.auto.drom.ru/i24218/s/photos/28966/28965067/gen1200_269514896.jpg"", ""https://s.auto.drom.ru/i24218/s/photos/28966/28965067/gen1200_269514918.jpg"", ""https://s.auto.drom.ru/i24218/s/photos/28966/28965067/gen1200_269514800.jpg"", ""https://s.auto.drom.ru/i24218/s/photos/28966/28965067/gen1200_269514934.jpg"", ""https://s.auto.drom.ru/i24218/s/photos/28966/28965067/gen1200_269514951.jpg"", ""https://s.auto.drom.ru/i24218/s/photos/28966/28965067/gen1200_269514989.jpg"", ""https://s.auto.drom.ru/i24218/s/photos/28966/28965067/gen1200_269514973.jpg"", ""https://s.auto.drom.ru/i24218/s/photos/28966/28965067/gen1200_269514908.jpg"", ""https://s.auto.drom.ru/i24218/s/photos/28966/28965067/gen1200_269514929.jpg"", ""https://s.auto.drom.ru/i24218/s/photos/28966/28965067/gen1200_269515128.jpg"", ""https://s.auto.drom.ru/i24218/s/photos/28966/28965067/gen1200_269514809.jpg"", ""https://s.auto.drom.ru/i24218/s/photos/28966/28965067/gen1200_269515135.jpg"", ""https://s.auto.drom.ru/i24218/s/photos/28966/28965067/gen1200_269515451.jpg""]
Цена: 300000"
https://novosibirsk.drom.ru/mazda/rx-8/28061122.html,"Ссылка: https://novosibirsk.drom.ru/mazda/rx-8/28061122.html
Двигатель: бензин, 1.3 л
Мощность: 209 л.с
Трансмиссия: автомат
Привод: задний
Тип кузова: купе
Цвет: серый
Пробег по России: есть
Пробег, км: 87000
Руль: правый
Номер кузова: SE3P****72
Дополнительно: Автомобиль в отличном, состоянии. Хорошая комплектация, кожаный салон, музыка BOSE.
Нет никаких свапов, типа jz, и 16кл. Стоит родной ротор. автомобиль едет достойно, всё работает, всё светиться. 
3 февраля, поставил новые свечи и новый аккумулятор, чеки прилагаются.
Также стоит запрет на рег. действия(не путать с арестом), езда без проблем, все документы на руках (ПТС, СОР). обмен мало интересен, но рассмотрю любые варианты, на обмен 300.
торг минимальный.
Обмен: на равноценную, на более дешевуюна обмен, цена 300
Город: Новосибирск
Фото: [""https://s.auto.drom.ru/i24218/s/photos/28062/28061122/gen1200_266022812.jpg"", ""https://s.auto.drom.ru/i24218/s/photos/28062/28061122/gen1200_266023037.jpg"", ""https://s.auto.drom.ru/i24218/s/photos/28062/28061122/gen1200_266023087.jpg"", ""https://s.auto.drom.ru/i24218/s/photos/28062/28061122/gen1200_266023126.jpg"", ""https://s.auto.drom.ru/i24218/s/photos/28062/28061122/gen1200_266023317.jpg"", ""https://s.auto.drom.ru/i24218/s/photos/28062/28061122/gen1200_266023377.jpg"", ""https://s.auto.drom.ru/i24218/s/photos/28062/28061122/gen1200_266023391.jpg"", ""https://s.auto.drom.ru/i24218/s/photos/28062/28061122/gen1200_266023625.jpg"", ""https://s.auto.drom.ru/i24218/s/photos/28062/28061122/gen1200_266023654.jpg"", ""https://s.auto.drom.ru/i24218/s/photos/28062/28061122/gen1200_266023702.jpg"", ""https://s.auto.drom.ru/i24218/s/photos/28062/28061122/gen1200_266023757.jpg"", ""https://s.auto.drom.ru/i24218/s/photos/28062/28061122/gen1200_266025690.jpg"", ""https://s.auto.drom.ru/i24218/s/photos/28062/28061122/gen1200_266025827.jpg"", ""https://s.auto.drom.ru/i24218/s/photos/28062/28061122/gen1200_266028375.jpg""]
Цена: 250000"
https://novosibirsk.drom.ru/mazda/rx-8/27414588.html,"Ссылка: https://novosibirsk.drom.ru/mazda/rx-8/27414588.html
Двигатель: бензин, 1.3 л
Мощность: 210 л.с
Трансмиссия: автомат
Привод: задний
Тип кузова: купе
Цвет: серый
Пробег по России: есть
Пробег, км: 150000
Руль: правый
Особые отметки: требуется ремонт или не на ходу
Номер кузова: SE3P-****61
Дополнительно: Нет двигателя - коробки и заднего бампера, кузов и салон в хорошем состоянии с документами в порядке, возможен обмен на малолитражку, VIN-SE3P-104261.
Обмен: на более дорогую, на равноценную, на более дешевую
Город: Новосибирск
Фото: [""https://s.auto.drom.ru/i24218/s/photos/27415/27414588/gen1200_269298794.jpg"", ""https://s.auto.drom.ru/i24218/s/photos/27415/27414588/gen1200_269298981.jpg"", ""https://s.auto.drom.ru/i24218/s/photos/27415/27414588/gen1200_269299066.jpg"", ""https://s.auto.drom.ru/i24218/s/photos/27415/27414588/gen1200_269299164.jpg"", ""https://s.auto.drom.ru/i24218/s/photos/27415/27414588/gen1200_269299189.jpg"", ""https://s.auto.drom.ru/i24218/s/photos/27415/27414588/gen1200_269299229.jpg"", ""https://s.auto.drom.ru/i24218/s/photos/27415/27414588/gen1200_269299282.jpg"", ""https://s.auto.drom.ru/i24218/s/photos/27415/27414588/gen1200_269299392.jpg"", ""https://s.auto.drom.ru/i24218/s/photos/27415/27414588/gen1200_269299432.jpg"", ""https://s.auto.drom.ru/i24218/s/photos/27415/27414588/gen1200_269299469.jpg"", ""https://s.auto.drom.ru/i24218/s/photos/27415/27414588/gen1200_269299575.jpg"", ""https://s.auto.drom.ru/i24218/s/photos/27415/27414588/gen1200_269299825.jpg"", ""https://s.auto.drom.ru/i24218/s/photos/27415/27414588/gen1200_269299841.jpg"", ""https://s.auto.drom.ru/i24218/s/photos/27415/27414588/gen1200_269299848.jpg"", ""https://s.auto.drom.ru/i24218/s/photos/27415/27414588/gen1200_269299882.jpg"", ""https://s.auto.drom.ru/i24218/s/photos/27415/27414588/gen1200_269299909.jpg"", ""https://s.auto.drom.ru/i24218/s/photos/27415/27414588/gen1200_269299941.jpg"", ""https://s.auto.drom.ru/i24218/s/photos/27415/27414588/gen1200_269300008.jpg"", ""https://s.auto.drom.ru/i24218/s/photos/27415/27414588/gen1200_269300064.jpg"", ""https://s.auto.drom.ru/i24218/s/photos/27415/27414588/gen1200_269300089.jpg"", ""https://s.auto.drom.ru/i24218/s/photos/27415/27414588/gen1200_269300131.jpg"", ""https://s.auto.drom.ru/i24218/s/photos/27415/27414588/gen1200_269300447.jpg"", ""https://s.auto.drom.ru/i24218/s/photos/27415/27414588/gen1200_269300478.jpg"", ""https://s.auto.drom.ru/i24218/s/photos/27415/27414588/gen1200_269300604.jpg"", ""https://s.auto.drom.ru/i24218/s/photos/27415/27414588/gen1200_269300658.jpg"", ""https://s.auto.drom.ru/i24218/s/photos/27415/27414588/gen1200_269300780.jpg"", ""https://s.auto.drom.ru/i24218/s/photos/27415/27414588/gen1200_269300922.jpg"", ""https://s.auto.drom.ru/i24218/s/photos/27415/27414588/gen1200_269300937.jpg"", ""https://s.auto.drom.ru/i24218/s/photos/27415/27414588/gen1200_269527303.jpg"", ""https://s.auto.drom.ru/i24218/s/photos/27415/27414588/gen1200_269527336.jpg"", ""https://s.auto.drom.ru/i24218/s/photos/27415/27414588/gen1200_269527403.jpg"", ""https://s.auto.drom.ru/i24218/s/photos/27415/27414588/gen1200_269527451.jpg""]
Цена: 175000"
https://vladivostok.drom.ru/mazda/rx-8/28563549.html,"Ссылка: https://vladivostok.drom.ru/mazda/rx-8/28563549.html
Двигатель: бензин, 1.3 л
Мощность: 250 л.с
Трансмиссия: механика
Привод: задний
Тип кузова: седан
Цвет: серый
Пробег по России: без пробега
Пробег, км: 78000
Руль: правый
Особые отметки: документы с проблемами или отсутствуют
Поколение: 
Номер кузова: SE3P-****86
Дополнительно: РАСПИЛ ПО ЗАДУ

TYPE S = 260 л. с. 
6ступая механика

Частично собрана
Город: Владивосток
Фото: [""https://s.auto.drom.ru/i24217/s/photos/28564/28563549/gen1200_259602872.jpg"", ""https://s.auto.drom.ru/i24217/s/photos/28564/28563549/gen1200_259602898.jpg"", ""https://s.auto.drom.ru/i24217/s/photos/28564/28563549/gen1200_259602902.jpg"", ""https://s.auto.drom.ru/i24217/s/photos/28564/28563549/gen1200_259602951.jpg"", ""https://s.auto.drom.ru/i24217/s/photos/28564/28563549/gen1200_262830210.jpg"", ""https://s.auto.drom.ru/i24217/s/photos/28564/28563549/gen1200_262830226.jpg"", ""https://s.auto.drom.ru/i24217/s/photos/28564/28563549/gen1200_262830294.jpg""]
Цена: 210000"
https://krasnoyarsk.drom.ru/mazda/rx-8/24215970.html,"Ссылка: https://krasnoyarsk.drom.ru/mazda/rx-8/24215970.html
Двигатель: бензин, 1.3 л
Мощность: 210 л.с
Трансмиссия: автомат
Привод: задний
Тип кузова: седан
Цвет: красный
Пробег по России: есть
Пробег, км: 99000
Руль: правый
Поколение: 
Дополнительно: Машина в хорошем состоянии. Все вопросы по телефону.
Обмен: на более дорогую, на равноценную
Город: Красноярск
Фото: [""https://s.auto.drom.ru/i24203/s/photos/24216/24215970/gen1200_189537743.jpg"", ""https://s.auto.drom.ru/i24203/s/photos/24216/24215970/gen1200_189537748.jpg"", ""https://s.auto.drom.ru/i24203/s/photos/24216/24215970/gen1200_189537751.jpg"", ""https://s.auto.drom.ru/i24203/s/photos/24216/24215970/gen1200_189537753.jpg"", ""https://s.auto.drom.ru/i24203/s/photos/24216/24215970/gen1200_189537754.jpg"", ""https://s.auto.drom.ru/i24203/s/photos/24216/24215970/gen1200_189537757.jpg"", ""https://s.auto.drom.ru/i24203/s/photos/24216/24215970/gen1200_189537758.jpg"", ""https://s.auto.drom.ru/i24203/s/photos/24216/24215970/gen1200_189537759.jpg"", ""https://s.auto.drom.ru/i24203/s/photos/24216/24215970/gen1200_189537763.jpg""]
Цена: 280000"
https://voronezh.drom.ru/mazda/rx-8/28939787.html,"Ссылка: https://voronezh.drom.ru/mazda/rx-8/28939787.html
Двигатель: бензин, 1.3 л
Мощность: 210 л.с
Трансмиссия: автомат
Привод: задний
Тип кузова: купе
Цвет: серебристый
Пробег по России: есть
Пробег, км: 100000
Руль: правый
Особые отметки: требуется ремонт или не на ходу
Номер кузова: SE3P-****26
Дополнительно: Читаем внимательно!!!!
Битый!
моторный щит в порядке.
звонить понимающим.
торг
Обмен: не на авто
Город: Воронеж
Фото: []
Цена: 20000"
https://novosibirsk.drom.ru/mazda/rx-8/28892288.html,"Ссылка: https://novosibirsk.drom.ru/mazda/rx-8/28892288.html
Двигатель: бензин, 1.3 л
Мощность: 192 л.с
Трансмиссия: автомат
Привод: задний
Тип кузова: седан
Цвет: черный
Пробег по России: есть
Пробег, км: 111000
Руль: левый
Поколение: 
Комплектация: 
VIN: JM1FE17N840****86
Дополнительно: Душа самурая-Роторный двигатель Ванкеля. Редкая американка в обвесах, в редкой комплектации полный жир. Подогрев и электро регулировка сидений, салон кожа, люк, датчики давления в шинах, новые оригинальные литые диски, резина бронированная Continental, ABS, TCS, DSC, CRUISE и т.д. Автомат плюс лепестки на руле. Все детали расскажу по телефону. Звоните.
Город: Новосибирск
Фото: [""https://s.auto.drom.ru/i24218/s/photos/28893/28892288/gen1200_267740122.jpg"", ""https://s.auto.drom.ru/i24218/s/photos/28893/28892288/gen1200_267740130.jpg"", ""https://s.auto.drom.ru/i24218/s/photos/28893/28892288/gen1200_267740138.jpg"", ""https://s.auto.drom.ru/i24218/s/photos/28893/28892288/gen1200_267740115.jpg"", ""https://s.auto.drom.ru/i24218/s/photos/28893/28892288/gen1200_267740120.jpg"", ""https://s.auto.drom.ru/i24218/s/photos/28893/28892288/gen1200_267740125.jpg"", ""https://s.auto.drom.ru/i24218/s/photos/28893/28892288/gen1200_267740112.jpg"", ""https://s.auto.drom.ru/i24218/s/photos/28893/28892288/gen1200_267740108.jpg"", ""https://s.auto.drom.ru/i24218/s/photos/28893/28892288/gen1200_267740128.jpg""]
Цена: 300000"
https://bratsk.drom.ru/mazda/rx-8/28926623.html,"Ссылка: https://bratsk.drom.ru/mazda/rx-8/28926623.html
Двигатель: бензин, 1.3 л
Мощность: 210 л.с
Трансмиссия: автомат
Привод: задний
Тип кузова: купе
Цвет: красный
Пробег по России: есть
Пробег, км: 79000
Руль: правый
Номер кузова: MZD317774****CH
Дополнительно: продам маздочку! 
пробег родной.
25птс
литье красивое на 17 work te37
ксенон.туманки.
комплектация максимальная
музыка bose 
dvd. mp3
 8 подушек безопасности
abs
traction control
круиз контроль
кожаный салон
все крутится все работает.
кондиционер
Афигенный автомобиль за эти деньги! Внимание на дороге гарантированно, особенно в таком ярко красном цвете! краска родная. ездит супруга, благодаря системам безопасности(машина одна из луших и по безопасности водителя) ездит зимой и летом!
по управлению один из самых управляемых авто!
Обмен: на более дорогую, на равноценную, на более дешевую
Город: Братск, Иркутская область
Фото: [""https://s.auto.drom.ru/i24218/s/photos/28927/28926623/gen1200_268556098.jpg"", ""https://s.auto.drom.ru/i24218/s/photos/28927/28926623/gen1200_268556330.jpg"", ""https://s.auto.drom.ru/i24218/s/photos/28927/28926623/gen1200_268556467.jpg"", ""https://s.auto.drom.ru/i24218/s/photos/28927/28926623/gen1200_268556966.jpg"", ""https://s.auto.drom.ru/i24218/s/photos/28927/28926623/gen1200_268561711.jpg""]
Цена: 300000"
https://vladivostok.drom.ru/mazda/rx-8/28403209.html,"Ссылка: https://vladivostok.drom.ru/mazda/rx-8/28403209.html
Двигатель: бензин, 1.3 л
Мощность: 210 л.с
Трансмиссия: автомат
Привод: задний
Тип кузова: седан
Цвет: красный
Пробег по России: есть
Руль: правый
Поколение: 
Комплектация: 
Номер кузова: EEE3574****48
Дополнительно: КОМПАНИЯ ""СТАРАВТО"" - ПЕРВАЯ В РЕГИОНЕ ОФИЦИАЛЬНАЯ КОМПАНИЯ ПО ПРОДАЖЕ АВТОМОБИЛЕЙ С ПРОБЕГОМ!
МЫ РАБОТАЕМ С 2013 ГОДА НА РЫНКЕ РЕГИОНА!
ВСЕ АВТОМОБИЛИ ПРОХОДЯТ ЮРИДИЧЕСКУЮ И ТЕХНИЧЕСКУЮ ПРОВЕРКУ!
ЛЮБАЯ ФОРМА ОПЛАТА! В ТОМ ЧИСЛЕ И КРЕДИТНЫМИ КАРТАМИ!!!

НОВАЯ УСЛУГА - ПРИНИМАЕМ К ОПЛАТЕ КАРТЫ ВСЕХ ПЛАТЕЖНЫХ СИСТЕМ VISA/MASTER/MAESTRO, КАРТЫ СИСТЕМЫ МИР!

!!! ОПЛАТА КРЕДИТНЫМИ КАРТАМИ !!!

АВТОКРЕДИТОВАНИЕ ЧЕРЕЗ БАНКИ-ПАРТНЕРЫ!!!
****************************************
TRADE-IN (прием старого одного или нескольких автомобилей в счет стоимости приобретаемого)!

ТАМОЖЕННЫЙ ПТС!!!
ПОЛНАЯ ПОШЛИНА!!!
1 ВЛАДЕЛЕЦ!!!
КОНТРАКТНЫЙ ДВИГАТЕЛЬ!!!

Кожаный салон с красными вставками, сигнализация, новый аккумулятор, новое масло синтетика, НОВЫЕ ОРИГИНАЛЬНЫЕ СВЕЧИ (2/2)! Новая зимняя резина, XENON, туманки!
Кузов весь в родной краске, дтп не был. Ходовая часть профилактировалась в мае, менялись расходники (втулки, наконечники, линки).
В автомате свежий декстрон! Мост LSD!
Система стабилизации отключается с кнопки!

КЛАССНАЯ КРАСНАЯ ГОНКА!!!
Город: Владивосток
Фото: [""https://s.auto.drom.ru/i24216/s/photos/28404/28403209/gen1200_255312497.jpg"", ""https://s.auto.drom.ru/i24216/s/photos/28404/28403209/gen1200_255312509.jpg"", ""https://s.auto.drom.ru/i24216/s/photos/28404/28403209/gen1200_255312515.jpg"", ""https://s.auto.drom.ru/i24216/s/photos/28404/28403209/gen1200_255312524.jpg"", ""https://s.auto.drom.ru/i24216/s/photos/28404/28403209/gen1200_255312528.jpg"", ""https://s.auto.drom.ru/i24216/s/photos/28404/28403209/gen1200_255312546.jpg"", ""https://s.auto.drom.ru/i24216/s/photos/28404/28403209/gen1200_255312556.jpg"", ""https://s.auto.drom.ru/i24216/s/photos/28404/28403209/gen1200_255312564.jpg"", ""https://s.auto.drom.ru/i24216/s/photos/28404/28403209/gen1200_255312570.jpg"", ""https://s.auto.drom.ru/i24216/s/photos/28404/28403209/gen1200_255312572.jpg"", ""https://s.auto.drom.ru/i24216/s/photos/28404/28403209/gen1200_255312614.jpg"", ""https://s.auto.drom.ru/i24216/s/photos/28404/28403209/gen1200_255312618.jpg"", ""https://s.auto.drom.ru/i24216/s/photos/28404/28403209/gen1200_255312625.jpg"", ""https://s.auto.drom.ru/i24216/s/photos/28404/28403209/gen1200_255312634.jpg"", ""https://s.auto.drom.ru/i24216/s/photos/28404/28403209/gen1200_255312676.jpg"", ""https://s.auto.drom.ru/i24216/s/photos/28404/28403209/gen1200_255312683.jpg"", ""https://s.auto.drom.ru/i24216/s/photos/28404/28403209/gen1200_255312691.jpg"", ""https://s.auto.drom.ru/i24216/s/photos/28404/28403209/gen1200_255312707.jpg"", ""https://s.auto.drom.ru/i24216/s/photos/28404/28403209/gen1200_255312758.jpg"", ""https://s.auto.drom.ru/i24216/s/photos/28404/28403209/gen1200_255312772.jpg"", ""https://s.auto.drom.ru/i24216/s/photos/28404/28403209/gen1200_255312782.jpg"", ""https://s.auto.drom.ru/i24216/s/photos/28404/28403209/gen1200_255312787.jpg"", ""https://s.auto.drom.ru/i24216/s/photos/28404/28403209/gen1200_255312799.jpg"", ""https://s.auto.drom.ru/i24216/s/photos/28404/28403209/gen1200_255312804.jpg"", ""https://s.auto.drom.ru/i24216/s/photos/28404/28403209/gen1200_255314784.jpg"", ""https://s.auto.drom.ru/i24216/s/photos/28404/28403209/gen1200_255314810.jpg"", ""https://s.auto.drom.ru/i24216/s/photos/28404/28403209/gen1200_255315089.jpg"", ""https://s.auto.drom.ru/i24216/s/photos/28404/28403209/gen1200_255316939.jpg"", ""https://s.auto.drom.ru/i24216/s/photos/28404/28403209/gen1200_255316943.jpg"", ""https://s.auto.drom.ru/i24216/s/photos/28404/28403209/gen1200_255316959.jpg"", ""https://s.auto.drom.ru/i24216/s/photos/28404/28403209/gen1200_255316968.jpg""]
Цена: 295000"
https://tomsk.drom.ru/mazda/rx-8/28863143.html,"Ссылка: https://tomsk.drom.ru/mazda/rx-8/28863143.html
Двигатель: бензин, 1.3 л
Мощность: 210 л.с
Трансмиссия: механика
Привод: задний
Тип кузова: седан
Цвет: красный
Пробег по России: есть
Пробег, км: 90000
Руль: правый
Особые отметки: требуется ремонт или не на ходу
Поколение: 
Комплектация: 
Номер кузова: SE3P****12
Дополнительно: Машине требуется ремонт двигателя.
Салон чистый и ухоженный. вся электрика работает.
рассмотрю варианты обмена как в мою так и в вашу сторону
Обмен: Возможен
Город: Томск
Фото: []
Цена: 250000"
https://novosibirsk.drom.ru/mazda/rx-8/22304624.html,"Ссылка: https://novosibirsk.drom.ru/mazda/rx-8/22304624.html
Двигатель: бензин, 1.3 л
Мощность: 250 л.с
Трансмиссия: механика
Привод: задний
Тип кузова: купе
Цвет: синий
Пробег по России: есть
Пробег, км: 89000
Руль: правый
Поколение: 
Дополнительно: срочно так как нужны деньги, после 9 января уже ценник другой будет ( !Машина в отличном состоянии, ротор ещё с завода не перебирался любые проверки за ваши деньги))без торга
Обмен: на более дорогую, на равноценную, на более дешевую, не на авто
Город: Новосибирск
Фото: [""https://s.auto.drom.ru/i24198/s/photos/22305/22304624/gen1200_174382158.jpg"", ""https://s.auto.drom.ru/i24198/s/photos/22305/22304624/gen1200_174382162.jpg"", ""https://s.auto.drom.ru/i24198/s/photos/22305/22304624/gen1200_174382172.jpg"", ""https://s.auto.drom.ru/i24198/s/photos/22305/22304624/gen1200_174382182.jpg"", ""https://s.auto.drom.ru/i24198/s/photos/22305/22304624/gen1200_174382184.jpg"", ""https://s.auto.drom.ru/i24198/s/photos/22305/22304624/gen1200_174382201.jpg"", ""https://s.auto.drom.ru/i24198/s/photos/22305/22304624/gen1200_174382229.jpg"", ""https://s.auto.drom.ru/i24198/s/photos/22305/22304624/gen1200_174382241.jpg"", ""https://s.auto.drom.ru/i24198/s/photos/22305/22304624/gen1200_174382245.jpg"", ""https://s.auto.drom.ru/i24198/s/photos/22305/22304624/gen1200_174382255.jpg"", ""https://s.auto.drom.ru/i24198/s/photos/22305/22304624/gen1200_174382267.jpg"", ""https://s.auto.drom.ru/i24198/s/photos/22305/22304624/gen1200_176167728.jpg"", ""https://s.auto.drom.ru/i24199/s/photos/22305/22304624/gen1200_176424778.jpg""]
Цена: 300000"
https://omsk.drom.ru/mazda/rx-8/28887457.html,"Ссылка: https://omsk.drom.ru/mazda/rx-8/28887457.html
Двигатель: бензин
Мощность: 231 л.с
Трансмиссия: механика
Привод: задний
Тип кузова: купе
Цвет: красный
Пробег по России: есть
Руль: левый
VIN: JM1FE173240****18
Дополнительно: двс1uz-fe VVT-i, МКПП 5-ступка от rx7, жирный радиатор, койловеры XYZ ss, диски r17 Advan Raising, усиленные тормоза, подвеска полиуретан, электролюк, ухоженный салон, сигнализация Star Line. по ходовке все хорошо, 
из вложений надо заменить рулевую рейку.
по электрике работает все, кроме спидометра.
по лкп
Обмен: рассмотрю обмен altezza, chaser, skyline и т.п
Город: Омск
Фото: [""https://s.auto.drom.ru/i24218/s/photos/28888/28887457/gen1200_267873044.jpg"", ""https://s.auto.drom.ru/i24218/s/photos/28888/28887457/gen1200_267873047.jpg"", ""https://s.auto.drom.ru/i24218/s/photos/28888/28887457/gen1200_267873052.jpg"", ""https://s.auto.drom.ru/i24218/s/photos/28888/28887457/gen1200_267873062.jpg"", ""https://s.auto.drom.ru/i24218/s/photos/28888/28887457/gen1200_267873066.jpg"", ""https://s.auto.drom.ru/i24218/s/photos/28888/28887457/gen1200_267883663.jpg""]
Цена: 280000"
https://ufa.drom.ru/mazda/rx-8/28903520.html,"Ссылка: https://ufa.drom.ru/mazda/rx-8/28903520.html
Двигатель: бензин, 1.3 л
Мощность: 250 л.с
Трансмиссия: механика
Привод: задний
Тип кузова: седан
Цвет: серебристый
Пробег по России: есть
Пробег, км: 78000
Руль: правый
Поколение: 
Комплектация: 
Номер кузова: SE3P-****48
Дополнительно: Машина в хорошом тех. состоянии, в ДТП ни разу не была, заводится в любую погоду, на горячую и на холодную, привоз из Японии 3 года назад с аукциона, я первый хозяин пробег был 62000 комплектация type- s High Power 6mt, сразу же обслужили мотор, поменяли все расходники, апексы, вкладыши, резинки и диск сцепления тд и тп , недавно установили койловеры, была обслужена тормозная система (колодки в круг, проточили диски, обслужили суппорта), заменил все масла в узлах и агрегата, установлен yatour звук хороший флэшки и aux, колеса leberty 18 ширина 9 хороший вылет без пороставок, от машины не избавляюсь. продажа - деньги надо на учебу. без обмена и торга. Звонить желательно на второй номер!!
Город: Уфа
Фото: [""https://s.auto.drom.ru/i24218/s/photos/28904/28903520/gen1200_267999693.jpg"", ""https://s.auto.drom.ru/i24218/s/photos/28904/28903520/gen1200_267999700.jpg"", ""https://s.auto.drom.ru/i24218/s/photos/28904/28903520/gen1200_267999706.jpg"", ""https://s.auto.drom.ru/i24218/s/photos/28904/28903520/gen1200_267999711.jpg"", ""https://s.auto.drom.ru/i24218/s/photos/28904/28903520/gen1200_267999713.jpg"", ""https://s.auto.drom.ru/i24218/s/photos/28904/28903520/gen1200_267999725.jpg"", ""https://s.auto.drom.ru/i24218/s/photos/28904/28903520/gen1200_267999732.jpg"", ""https://s.auto.drom.ru/i24218/s/photos/28904/28903520/gen1200_267999737.jpg"", ""https://s.auto.drom.ru/i24218/s/photos/28904/28903520/gen1200_267999740.jpg"", ""https://s.auto.drom.ru/i24218/s/photos/28904/28903520/gen1200_267999743.jpg"", ""https://s.auto.drom.ru/i24218/s/photos/28904/28903520/gen1200_268013286.jpg"", ""https://s.auto.drom.ru/i24218/s/photos/28904/28903520/gen1200_268013291.jpg""]
Цена: 300000"
https://kemerovo.drom.ru/mazda/rx-8/28851905.html,"Ссылка: https://kemerovo.drom.ru/mazda/rx-8/28851905.html
Двигатель: бензин, 1.3 л
Мощность: 210 л.с
Трансмиссия: автомат
Привод: задний
Тип кузова: седан
Цвет: красный
Пробег по России: есть
Пробег, км: 101300
Руль: правый
Поколение: 
Номер кузова: SE3P****06
Дополнительно: Друзья продаю маздочку рх-8 мать её, бодрая, очень красивая, много привлекает к себе внимание окружающих;)давайте расскажу об этой машине более подробно, начнём. Машина в хорошем состояний, движок, коробка, ходовая часть, без нареканий. все кости целые, не распил, и т. д. с документами все в порядке.
- круиз контроль.
- эксклюзивный заводской салон(в хорошем состояний) в машине не курили, не распивали спиртные напитки, и тому подобное.
- бортовой компьютер(можно смотреть фильмы).
- очень даже не плохая музыка(долбит качественно, и громко)что придаёт ещё больше наслаждения, езды на такой машине).
- электропакет на водительском сидений.
- подсветка боковых зеркал.
- педали со спорт накладками хай паувер.
- легкий алюминевый капот и задние двери.
-сигналка шерхан с(аз и ос).
-печка греет очень хорошо(вся электроника работает)
Одним словом машина ухожена. Есть вопросы пишите, звоните. Покупал машину для сестры, но к сожалению она ей не как не подходит. Парни меня поймут.Торг
Обмен: на равноценную, на более дешевуюКомплектация
Город: Кемерово
Фото: [""https://s.auto.drom.ru/i24218/s/photos/28852/28851905/gen1200_266770232.jpg"", ""https://s.auto.drom.ru/i24218/s/photos/28852/28851905/gen1200_266770259.jpg"", ""https://s.auto.drom.ru/i24218/s/photos/28852/28851905/gen1200_266790291.jpg"", ""https://s.auto.drom.ru/i24218/s/photos/28852/28851905/gen1200_269767427.jpg"", ""https://s.auto.drom.ru/i24218/s/photos/28852/28851905/gen1200_269767690.jpg""]
Цена: 300000"
https://krasnodar.drom.ru/mazda/rx-8/28595818.html,"Ссылка: https://krasnodar.drom.ru/mazda/rx-8/28595818.html
Двигатель: бензин, 1.3 л
Мощность: 210 л.с
Трансмиссия: автомат
Привод: задний
Тип кузова: купе
Цвет: серый
Пробег по России: есть
Пробег, км: 124000
Руль: правый
Особые отметки: требуется ремонт или не на ходу
Номер кузова: SE3P****55
Дополнительно: Примяты два задних крыла, ниша багажника, коцнутый бампер. Мотор заменён, заводится но не едит не кому разбираться с ней. Тв, двд, аудиосистема Bose, подрулевые переключатели. Красивые диски r17 Отличный вариант под проект. Возможен обмен. Можно со свап комплектом Тойота 1jz vvt с акпп, , щитком приборов, коса, мозги, селектор АКПП и щиток приборов цена 69т.р. пробег 49т.км. номера 300 30 регион в подарок. Доки в полном порядке!
Обмен: Возможен
Город: Краснодар
Фото: [""https://s.auto.drom.ru/i24217/s/photos/28596/28595818/gen1200_260474125.jpg"", ""https://s.auto.drom.ru/i24217/s/photos/28596/28595818/gen1200_260474212.jpg"", ""https://s.auto.drom.ru/i24217/s/photos/28596/28595818/gen1200_260474292.jpg"", ""https://s.auto.drom.ru/i24217/s/photos/28596/28595818/gen1200_260474571.jpg"", ""https://s.auto.drom.ru/i24217/s/photos/28596/28595818/gen1200_260474579.jpg"", ""https://s.auto.drom.ru/i24217/s/photos/28596/28595818/gen1200_260475010.jpg"", ""https://s.auto.drom.ru/i24217/s/photos/28596/28595818/gen1200_260475030.jpg""]
Цена: 180000"
https://krasnoyarsk.drom.ru/mazda/rx-8/27503676.html,"Ссылка: https://krasnoyarsk.drom.ru/mazda/rx-8/27503676.html
Двигатель: бензин, 1.3 л
Мощность: 210 л.с
Трансмиссия: автомат
Привод: задний
Тип кузова: купе
Цвет: серебристый
Пробег по России: есть
Пробег, км: 120000
Руль: правый
Особые отметки: требуется ремонт или не на ходу
Номер кузова: SP13****53
Город: Красноярск
Фото: []
Цена: 210000"
https://tynda.drom.ru/mazda/rx-8/21749968.html,"Ссылка: https://tynda.drom.ru/mazda/rx-8/21749968.html
Двигатель: бензин, 1.3 л
Мощность: 210 л.с
Трансмиссия: автомат
Привод: задний
Тип кузова: купе
Цвет: серый
Пробег по России: есть
Пробег, км: 57000
Руль: правый
Особые отметки: требуется ремонт или не на ходу
Поколение: 
Дополнительно: СТРЕЛЬНУЛ АПЕКС ОБЫЧНОЕ ДЕЛО ДАННОГО АВТО, ПОДЛЕЖИТ РЕМОНТУ, ЛИБО ОТЛИЧНЫЙ ВАРИАНТ ПОД СВАП 1JZ- GTE, 8 ПОДУШЕК БЕЗОПАСНОСТИ, СИСТЕМА КУРСОВОЙ УСТОЙЧИВОСТИ, СИСТЕМА КУРСОВОЙ СТАБИЛИЗАЦИИ, АНТИБЛОКИРОВОЧНАЯ СИСТЕМА, НАВИГАЦИОННАЯ СИСТЕМА С МОНИТОРОМ, МУЛЬТИРУЛЬ, MP3, DVD. . Требуемые вложения-установка апексов, ремкомплект и сборка двигателя. Звоните-все расскажу, покажу. Варианты обмена с моей доплатой до 200т.р. на обмен 250000
Обмен: на более дорогую, на равноценную, не на автоПри виде наличных-хороший торг
Город: Тында, Амурская область
Фото: [""https://s.auto.drom.ru/i24209/s/photos/21750/21749968/gen1200_208489375.jpg"", ""https://s.auto.drom.ru/i24209/s/photos/21750/21749968/gen1200_208489382.jpg"", ""https://s.auto.drom.ru/i24209/s/photos/21750/21749968/gen1200_208489379.jpg"", ""https://s.auto.drom.ru/i24209/s/photos/21750/21749968/gen1200_208489376.jpg"", ""https://s.auto.drom.ru/i24209/s/photos/21750/21749968/gen1200_208489377.jpg""]
Цена: 210000"
https://gorniy.drom.ru/mazda/rx-8/27959267.html,"Ссылка: https://gorniy.drom.ru/mazda/rx-8/27959267.html
Двигатель: бензин, 1.3 л
Мощность: 250 л.с
Трансмиссия: механика
Привод: задний
Тип кузова: седан
Цвет: синий
Пробег по России: есть
Пробег, км: 100000
Руль: правый
Поколение: 
Комплектация: 
Номер кузова: SE3P****29
Дополнительно: НЕ ЗАДАВАЙТЕ ВОПРОСЫ ПО ДВИГАТЕЛЮ ЦЕНА КАК БЕЗ НЕГО . АВТО НА РЫНКЕ В ИВАНОВКЕ !!! ЗА ДЕНЬГИ ХОРОШИЙ ТОРГ !!! Все вопросы по телефону на обмен 350 желательно пикап, джип или грузовик , экскаватор с моей доплатой . Двигатель рб 25 . Авто досталось по обмену. Забирайте и делайте что хотите. ОБЪЕМ 2.5 л ДВИЖОК от СКАЙ . На ходу но надо ремонтировать двигатель !!! Гаражное хранение , За последние два года проехала всего 100 км.
Обмен: на более дорогую, не на автоУказано в комментариях.
Город: Горный, Забайкальский край
Фото: [""https://s.auto.drom.ru/i24215/s/photos/27960/27959267/gen1200_245782640.jpg"", ""https://s.auto.drom.ru/i24215/s/photos/27960/27959267/gen1200_245782672.jpg"", ""https://s.auto.drom.ru/i24215/s/photos/27960/27959267/gen1200_245782688.jpg"", ""https://s.auto.drom.ru/i24215/s/photos/27960/27959267/gen1200_245782701.jpg"", ""https://s.auto.drom.ru/i24215/s/photos/27960/27959267/gen1200_245782755.jpg"", ""https://s.auto.drom.ru/i24215/s/photos/27960/27959267/gen1200_245782884.jpg"", ""https://s.auto.drom.ru/i24215/s/photos/27960/27959267/gen1200_245783146.jpg""]
Цена: 288000"
https://anapa.drom.ru/mazda/rx-8/28834442.html,"Ссылка: https://anapa.drom.ru/mazda/rx-8/28834442.html
Двигатель: бензин, 1.3 л
Мощность: 250 л.с
Трансмиссия: механика
Привод: задний
Тип кузова: седан
Цвет: серебристый
Пробег по России: есть
Пробег, км: 100000
Руль: правый
Особые отметки: требуется ремонт или не на ходу
Поколение: 
Комплектация: 
Номер кузова: SE3P-****83
Дополнительно: Застрел. Под восстановление движка или проект. Нет времени ей заниматься. Я собственник.
Тюнинг: Передний бампер - FIRESPORT 
Задний бампер - Veilside
Выхлоп - Toyosports 
Масло помойка - D1 Spec
Ручка передач - MOMO
Разминусовка - HKS
Чехол КПП карбон
Подиум под датчики
Датчики - Defi
Холодный впуск - Racing Beat
Крышка на разшерительный бочек - Blitz 1, 3
Второй масло-кулер(шланги)
Сливная пробка масла Greddy
Холодный впуск шланг
Город: Анапа, Краснодарский край
Фото: [""https://s.auto.drom.ru/i24218/s/photos/28835/28834442/gen1200_266330920.jpg"", ""https://s.auto.drom.ru/i24218/s/photos/28835/28834442/gen1200_266330935.jpg"", ""https://s.auto.drom.ru/i24218/s/photos/28835/28834442/gen1200_268126838.jpg"", ""https://s.auto.drom.ru/i24218/s/photos/28835/28834442/gen1200_268126842.jpg"", ""https://s.auto.drom.ru/i24218/s/photos/28835/28834442/gen1200_268126852.jpg"", ""https://s.auto.drom.ru/i24218/s/photos/28835/28834442/gen1200_268126882.jpg"", ""https://s.auto.drom.ru/i24218/s/photos/28835/28834442/gen1200_268126889.jpg"", ""https://s.auto.drom.ru/i24218/s/photos/28835/28834442/gen1200_268126910.jpg"", ""https://s.auto.drom.ru/i24218/s/photos/28835/28834442/gen1200_268126917.jpg""]
Цена: 170000"
https://irkutsk.drom.ru/mazda/rx-8/23931550.html,"Ссылка: https://irkutsk.drom.ru/mazda/rx-8/23931550.html
Двигатель: бензин, 1.3 л
Мощность: 231 л.с
Трансмиссия: механика
Привод: задний
Тип кузова: купе
Цвет: черный
Пробег по России: есть
Руль: левый
Дополнительно: РАЗГОВОРЫ НЕ ПО ДЕЛУ ИГНОРИРУЮТСЯ!!!Продается, все отлично с авто, зимой не эксплуатируется, претензий к автомобилю нет, подвеска взбодрилась по весне, передняя полностью, замена узлов целиком (рычаги верх и низ), задняя линки/втулки, тяги с шаровыми, масло в моторе свежее 2000км не прошло, свечи так же обновлены по весне. колеса 18 резина зима/лето. к мотору вопросов нет, работает как часы, капиталился 20к назад, не отжимается, езжу спокойно, 6 ст МКПП!!! диск, корзина, выжимной новые, главный цилиндр сцепления новый. Салон кожа, подогревы, люк, состояние нового, езжу почти всегда один, багажник и задняя часть салона проклеена. Стоимость на пару дней, обмен интересен 480 на обмен
Обмен: Возможен
Город: Иркутск
Фото: [""https://s.auto.drom.ru/i24210/s/photos/23932/23931550/gen1200_217490164.jpg"", ""https://s.auto.drom.ru/i24210/s/photos/23932/23931550/gen1200_217490166.jpg"", ""https://s.auto.drom.ru/i24210/s/photos/23932/23931550/gen1200_217490168.jpg"", ""https://s.auto.drom.ru/i24210/s/photos/23932/23931550/gen1200_217490169.jpg"", ""https://s.auto.drom.ru/i24210/s/photos/23932/23931550/gen1200_217490171.jpg"", ""https://s.auto.drom.ru/i24210/s/photos/23932/23931550/gen1200_217490172.jpg"", ""https://s.auto.drom.ru/i24210/s/photos/23932/23931550/gen1200_217490174.jpg"", ""https://s.auto.drom.ru/i24210/s/photos/23932/23931550/gen1200_217490176.jpg"", ""https://s.auto.drom.ru/i24210/s/photos/23932/23931550/gen1200_217490177.jpg"", ""https://s.auto.drom.ru/i24210/s/photos/23932/23931550/gen1200_217490178.jpg"", ""https://s.auto.drom.ru/i24210/s/photos/23932/23931550/gen1200_217490179.jpg"", ""https://s.auto.drom.ru/i24210/s/photos/23932/23931550/gen1200_217490180.jpg"", ""https://s.auto.drom.ru/i24210/s/photos/23932/23931550/gen1200_217490181.jpg""]
Цена: 300000"
https://omsk.drom.ru/mazda/rx-8/26704677.html,"Ссылка: https://omsk.drom.ru/mazda/rx-8/26704677.html
Двигатель: бензин, 1.3 л
Мощность: 250 л.с
Трансмиссия: механика
Привод: задний
Тип кузова: седан
Цвет: белый
Пробег по России: есть
Пробег, км: 117000
Руль: правый
Особые отметки: требуется ремонт или не на ходу
Поколение: 
Комплектация: 
Номер кузова: SE3P-****48
Дополнительно: Обмен не интересует!нужны деньги!прочий бизнес и обмен на недвижимость не интересно!Машина на ходу заводится на холодную нормально , на горячую бывают трудности, но заводится!Торг!Рассрочки не рассматриваю!
Тюнинг: Стоит обвес Ings +1, машина в белой пленке в ПТС зафиксирована замена цвета, стоят оригин ковши BRIDE, Выхлоп Hyper Medalion, 25 ПТС, доки все в порядке, могу скинуть в интернете при надобности или при встречи, машина снята с учета дабы не платить налог!!!Пишите , звоните , если интересует данный авто, на данном авто не останетесь без внимания!
Город: Омск
Фото: [""https://s.auto.drom.ru/i24218/s/photos/26705/26704677/gen1200_265924155.jpg"", ""https://s.auto.drom.ru/i24218/s/photos/26705/26704677/gen1200_265924206.jpg"", ""https://s.auto.drom.ru/i24218/s/photos/26705/26704677/gen1200_265924241.jpg"", ""https://s.auto.drom.ru/i24218/s/photos/26705/26704677/gen1200_265924270.jpg"", ""https://s.auto.drom.ru/i24218/s/photos/26705/26704677/gen1200_265924283.jpg"", ""https://s.auto.drom.ru/i24218/s/photos/26705/26704677/gen1200_265925144.jpg"", ""https://s.auto.drom.ru/i24218/s/photos/26705/26704677/gen1200_265925254.jpg"", ""https://s.auto.drom.ru/i24218/s/photos/26705/26704677/gen1200_265925338.jpg"", ""https://s.auto.drom.ru/i24218/s/photos/26705/26704677/gen1200_265925370.jpg"", ""https://s.auto.drom.ru/i24218/s/photos/26705/26704677/gen1200_265925580.jpg""]
Цена: 250000"
https://krasnoyarsk.drom.ru/mazda/rx-8/28256297.html,"Ссылка: https://krasnoyarsk.drom.ru/mazda/rx-8/28256297.html
Двигатель: бензин, 1.3 л
Мощность: 210 л.с
Трансмиссия: механика
Привод: задний
Тип кузова: седан
Цвет: красный
Пробег по России: есть
Пробег, км: 80000
Руль: правый
Поколение: 
Комплектация: 
Номер кузова: SE3P-****17
Дополнительно: СРОЧНО СРОЧНО СРОЧНО! 
Продам RX-8 с реальным пробегом 80 тыс 
Автомобиль был куплен в Японии с пробегом 30тыс 
Я второй хозяин 
двигатель чувствует себя идеально (холодный , горячий запуск без проблем)
Бережная эксплуатация , замена масла каждые 5-6тыс 
пружины с занижением с японии 
колеса Rays TE37 18"" 9.5j + новая резина 235/45 (возможна продажа дешевле без них)
Автомобиль стоит на теплой стоянки и выезжает исключительно в выхоные и более-менее теплые дни 
Возможен обмен
Обмен: на более дорогую, на равноценную, на более дешевую
Город: Красноярск
Фото: [""https://s.auto.drom.ru/i24218/s/photos/28257/28256297/gen1200_264318737.jpg"", ""https://s.auto.drom.ru/i24218/s/photos/28257/28256297/gen1200_264318743.jpg"", ""https://s.auto.drom.ru/i24218/s/photos/28257/28256297/gen1200_264318753.jpg"", ""https://s.auto.drom.ru/i24218/s/photos/28257/28256297/gen1200_264318760.jpg"", ""https://s.auto.drom.ru/i24218/s/photos/28257/28256297/gen1200_264319490.jpg"", ""https://s.auto.drom.ru/i24218/s/photos/28257/28256297/gen1200_264319492.jpg""]
Цена: 249000"
https://anzhero-sudzhensk.drom.ru/mazda/rx-8/28497382.html,"Ссылка: https://anzhero-sudzhensk.drom.ru/mazda/rx-8/28497382.html
Двигатель: бензин, 1.3 л
Мощность: 210 л.с
Трансмиссия: автомат
Привод: задний
Тип кузова: седан
Цвет: красный
Пробег по России: есть
Пробег, км: 100500
Руль: правый
Поколение: 
Комплектация: 
Номер кузова: SE3P-****86
Обмен: на равноценную, на более дешевуюСигналка шерхан с аз и ос!!!
Город: Анжеро-Судженск, Кемеровская область
Фото: []
Цена: 260000"
https://kurgan.drom.ru/mazda/rx-8/26663915.html,"Ссылка: https://kurgan.drom.ru/mazda/rx-8/26663915.html
Двигатель: бензин, 1.3 л
Мощность: 210 л.с
Трансмиссия: автомат
Привод: задний
Тип кузова: купе
Цвет: красный
Пробег по России: есть
Пробег, км: 109000
Руль: правый
Особые отметки: требуется ремонт или не на ходу
Поколение: 
Номер кузова: SE3P-****52
Дополнительно: умер двигатель . рассмотрю ремон или Свап ценник в личку срочно !
Город: Курган
Фото: [""https://s.auto.drom.ru/i24211/s/photos/26664/26663915/gen1200_219546507.jpg"", ""https://s.auto.drom.ru/i24211/s/photos/26664/26663915/gen1200_219546867.jpg""]
Цена: 210000"
https://ekaterinburg.drom.ru/mazda/rx-8/27120184.html,"Ссылка: https://ekaterinburg.drom.ru/mazda/rx-8/27120184.html
Двигатель: бензин, 2.5 л
Мощность: 241 л.с
Трансмиссия: автомат
Привод: задний
Тип кузова: купе
Цвет: красный
Пробег по России: есть
Пробег, км: 67000
Руль: левый
VIN: JM1FE17N440****28
Дополнительно: Без мотора и акпп. Был Свап
Город: Екатеринбург
Фото: [""https://s.auto.drom.ru/i24212/s/photos/27121/27120184/gen1200_229412063.jpg"", ""https://s.auto.drom.ru/i24217/s/photos/27121/27120184/gen1200_262750996.jpg"", ""https://s.auto.drom.ru/i24217/s/photos/27121/27120184/gen1200_262751002.jpg"", ""https://s.auto.drom.ru/i24217/s/photos/27121/27120184/gen1200_262751016.jpg""]
Цена: 200000"
https://yuzhnouralsk.drom.ru/mazda/rx-8/28118059.html,"Ссылка: https://yuzhnouralsk.drom.ru/mazda/rx-8/28118059.html
Двигатель: бензин, 1.3 л
Мощность: 210 л.с
Трансмиссия: автомат
Привод: задний
Тип кузова: седан
Цвет: серебристый
Пробег по России: есть
Пробег, км: 89000
Руль: правый
Поколение: 
Номер кузова: SE3P****44
Дополнительно: продам гоночку мазду рх 8 в прекрасном состоянии вложений никаких не требует всё работает новый двс с постановкой на учёт пробег 19000 от авто не избавляюсь собственник возможен обмен с вашей доплатой торг
Обмен: на более дешевую
Город: Южноуральск, Челябинская область
Фото: [""https://s.auto.drom.ru/i24216/s/photos/28119/28118059/gen1200_255698925.jpg"", ""https://s.auto.drom.ru/i24216/s/photos/28119/28118059/gen1200_255699487.jpg"", ""https://s.auto.drom.ru/i24216/s/photos/28119/28118059/gen1200_255699566.jpg"", ""https://s.auto.drom.ru/i24216/s/photos/28119/28118059/gen1200_255699377.jpg"", ""https://s.auto.drom.ru/i24216/s/photos/28119/28118059/gen1200_255699397.jpg"", ""https://s.auto.drom.ru/i24216/s/photos/28119/28118059/gen1200_255699096.jpg"", ""https://s.auto.drom.ru/i24216/s/photos/28119/28118059/gen1200_255698990.jpg"", ""https://s.auto.drom.ru/i24216/s/photos/28119/28118059/gen1200_255699015.jpg"", ""https://s.auto.drom.ru/i24216/s/photos/28119/28118059/gen1200_255699060.jpg"", ""https://s.auto.drom.ru/i24216/s/photos/28119/28118059/gen1200_255699125.jpg"", ""https://s.auto.drom.ru/i24216/s/photos/28119/28118059/gen1200_255698955.jpg"", ""https://s.auto.drom.ru/i24216/s/photos/28119/28118059/gen1200_255698973.jpg"", ""https://s.auto.drom.ru/i24216/s/photos/28119/28118059/gen1200_255699312.jpg"", ""https://s.auto.drom.ru/i24216/s/photos/28119/28118059/gen1200_255699155.jpg"", ""https://s.auto.drom.ru/i24215/s/photos/28119/28118059/gen1200_249039841.jpg"", ""https://s.auto.drom.ru/i24216/s/photos/28119/28118059/gen1200_255699595.jpg""]
Цена: 275000"
https://kogalym.drom.ru/mazda/rx-8/28480433.html,"Ссылка: https://kogalym.drom.ru/mazda/rx-8/28480433.html
Двигатель: бензин, 1.3 л
Мощность: 210 л.с
Трансмиссия: автомат
Привод: задний
Тип кузова: седан
Цвет: серый
Пробег по России: есть
Пробег, км: 95000
Руль: правый
Особые отметки: требуется ремонт или не на ходу
Поколение: 
Номер кузова: 0TCY****NE
Дополнительно: Требуется косметический ремонт, не заводится заменить свечи, торг
Обмен: на более дешевуюобмен на автомобиль с доплатой в мою сторону
Город: Когалым, Ханты-Мансийский автономный округ
Фото: [""https://s.auto.drom.ru/i24216/s/photos/28481/28480433/gen1200_257263201.jpg"", ""https://s.auto.drom.ru/i24216/s/photos/28481/28480433/gen1200_257263422.jpg"", ""https://s.auto.drom.ru/i24216/s/photos/28481/28480433/gen1200_257263604.jpg"", ""https://s.auto.drom.ru/i24216/s/photos/28481/28480433/gen1200_257263703.jpg"", ""https://s.auto.drom.ru/i24216/s/photos/28481/28480433/gen1200_257264440.jpg"", ""https://s.auto.drom.ru/i24216/s/photos/28481/28480433/gen1200_257264889.jpg"", ""https://s.auto.drom.ru/i24216/s/photos/28481/28480433/gen1200_257264901.jpg""]
Цена: 250000"
https://omsk.drom.ru/mazda/rx-8/28476801.html,"Ссылка: https://omsk.drom.ru/mazda/rx-8/28476801.html
Двигатель: бензин, 2.5 л
Мощность: 242 л.с
Трансмиссия: автомат
Привод: задний
Тип кузова: купе
Цвет: красный
Пробег по России: есть
Руль: левый
Особые отметки: требуется ремонт или не на ходу
VIN: JM1FE173050****07
Дополнительно: машина в отличном состоянии до дтп! мотор 1gzt- gte масло не расходует турбины работают как надо машина на ходу и требует небольших вложений по кузову . люк кондиционер подогревы сидений подушки салон кожа + карбон на зимней резине! 
Машинв полный свап в птс родной мотор это не сильная проблема если кто понимает! У капота авто реальный торг за наличные! на обмен цена выше! от авто не избавляюсь ! В обмен не предлогать тачки с завышенными ценами! ограничения решаемые штрафы ! вотсап вайбер! по базам все чисто! цена за срочность окончательная цена 200! 170-180-190 не пишите!!! без торга!!!
Обмен: на более дорогую, на равноценную, на более дешевуюцена только за нал на обмен цена выше!
Город: Омск
Фото: [""https://s.auto.drom.ru/i24216/s/photos/28477/28476801/gen1200_257159476.jpg"", ""https://s.auto.drom.ru/i24216/s/photos/28477/28476801/gen1200_257159481.jpg"", ""https://s.auto.drom.ru/i24216/s/photos/28477/28476801/gen1200_257159484.jpg"", ""https://s.auto.drom.ru/i24216/s/photos/28477/28476801/gen1200_257159488.jpg"", ""https://s.auto.drom.ru/i24216/s/photos/28477/28476801/gen1200_257159490.jpg"", ""https://s.auto.drom.ru/i24216/s/photos/28477/28476801/gen1200_257159496.jpg"", ""https://s.auto.drom.ru/i24216/s/photos/28477/28476801/gen1200_257159499.jpg"", ""https://s.auto.drom.ru/i24216/s/photos/28477/28476801/gen1200_257159505.jpg"", ""https://s.auto.drom.ru/i24216/s/photos/28477/28476801/gen1200_257159509.jpg"", ""https://s.auto.drom.ru/i24216/s/photos/28477/28476801/gen1200_257159512.jpg""]
Цена: 200000"
https://irkutsk.drom.ru/mazda/rx-8/27164418.html,"Ссылка: https://irkutsk.drom.ru/mazda/rx-8/27164418.html
Двигатель: бензин, 1.3 л
Мощность: 210 л.с
Трансмиссия: автомат
Привод: задний
Тип кузова: купе
Цвет: серебристый
Пробег по России: есть
Пробег, км: 140000
Руль: правый
Особые отметки: требуется ремонт или не на ходу
Поколение: 
Номер кузова: SE3P-****11
Дополнительно: Продам Mazda RX-8. Комплектация SP. Хорошее состояние кузова. Подвеска, АКПП без нареканий. Стоит задний редуктор с блокировкой от HP, равнодлинный выпускной коллектор, выхлоп Blitz, тюненые мозги. Юридически чистая. Не на ходу, вылетел апекс во второй секции ротора, . Под ремонт или свап. Нужна машина на ходу, поэтому интересен обмен.

Мотор уже снят, разобран, частично куплены запчасти.
Обмен: на более дорогую, на равноценную, на более дешевую
Город: Иркутск
Фото: [""https://s.auto.drom.ru/i24212/s/photos/27165/27164418/gen1200_229903908.jpg"", ""https://s.auto.drom.ru/i24212/s/photos/27165/27164418/gen1200_229903930.jpg"", ""https://s.auto.drom.ru/i24212/s/photos/27165/27164418/gen1200_229903944.jpg"", ""https://s.auto.drom.ru/i24212/s/photos/27165/27164418/gen1200_229903982.jpg"", ""https://s.auto.drom.ru/i24212/s/photos/27165/27164418/gen1200_229904029.jpg"", ""https://s.auto.drom.ru/i24212/s/photos/27165/27164418/gen1200_229904050.jpg"", ""https://s.auto.drom.ru/i24212/s/photos/27165/27164418/gen1200_229904075.jpg""]
Цена: 280000"
https://barnaul.drom.ru/mazda/rx-8/28708080.html,"Ссылка: https://barnaul.drom.ru/mazda/rx-8/28708080.html
Двигатель: бензин, 1.3 л
Мощность: 210 л.с
Трансмиссия: автомат
Привод: задний
Тип кузова: седан
Цвет: серый
Пробег по России: есть
Руль: правый
Поколение: 
Номер кузова: SE3P-****38
Дополнительно: Запрет на регистрационные действия, штрафы прошлого хозяина, ПТС СОР Страховка на год все есть передвижение без проблем!!!! Теперь о машине двигатель контракт 1JZ- GE WWTI в идеальном техническом состоянии короба от него же тоже в идеальном состоянии, салон не проженный не порванный в хорошем состоянии, по подвеске перед что то брякает не залазил нужно заменить насос ГУР а в остальном все нормально. По кузову косяки.
Обмен: на равноценную, на более дешевуюЦЕНА ЗА НАЛИЧКУ НА НЕСКОЛЬКО ДНЕЙ!!!!! НА ОБМЕН 300000 тр
Город: Барнаул
Фото: []
Цена: 180000"
https://barnaul.drom.ru/mazda/rx-8/27447622.html,"Ссылка: https://barnaul.drom.ru/mazda/rx-8/27447622.html
Двигатель: бензин, 2.5 л
Трансмиссия: автомат
Привод: задний
Тип кузова: купе
Цвет: серый
Пробег по России: есть
Руль: правый
Номер кузова: JTH34VF00****97
Дополнительно: Корчь
Фары просто сняты и лежат в салоне

машина находится в барнауле а я в новосибирске

двигатель RB25DE
На данный момент нужно цеплять этектрику 
двигатель установлен с родной 5и ступой акпп
подвеска не гримит но гиометрию еще не выставляли так как пока еще не поехала
салон целый, велюр
по кузову не билась

НА ЗВОНКИ МОГУ НЕ ОТВЕТИТЬ ПИШИТЕ ТУТ Я ОТВЕЧУ ИЛИ ОТЗВОНЮСЬ
ОБЩАЮСЬ ТОЛЬКО С ПОНИМАЮЩИМИ
ЦЕНА УКАЗАНА ПОКА НЕ ПОДКЛЮЧИЛИ ЭЛЕКТРИКУ(на данный момент коса уже протянута АКБ выведен в багажник осталось подключиться к компу)
ОБМЕН ВОЗМОЖЕН ПРЕДЛОГАЙТЕ НО НЕ ЗАБЫВАЙТЕ УКАЗЫВАТЬ УСЛОВИЯ
так же возможен обмен на квадроцикл
Обмен: на равноценную, на более дешевую
Город: Барнаул"
https://anapa.drom.ru/mazda/rx-8/28703399.html,"Ссылка: https://anapa.drom.ru/mazda/rx-8/28703399.html
Двигатель: бензин, 1.3 л
Мощность: 209 л.с
Трансмиссия: автомат
Привод: задний
Тип кузова: купе
Цвет: белый
Пробег по России: есть
Пробег, км: 86000
Руль: правый
Номер кузова: SE3P****89
Дополнительно: по кузову косяки, в остальном, хорошее состояние. возможен торг. обмен на внедорожник!
Обмен: на равноценную, на более дешевую, не на автообмен на внедорожник
Город: Анапа, Краснодарский край
Фото: [""https://s.auto.drom.ru/i24217/s/photos/28704/28703399/gen1200_263158126.jpg"", ""https://s.auto.drom.ru/i24217/s/photos/28704/28703399/gen1200_263158128.jpg"", ""https://s.auto.drom.ru/i24217/s/photos/28704/28703399/gen1200_263158132.jpg"", ""https://s.auto.drom.ru/i24217/s/photos/28704/28703399/gen1200_263158134.jpg"", ""https://s.auto.drom.ru/i24217/s/photos/28704/28703399/gen1200_263158136.jpg"", ""https://s.auto.drom.ru/i24217/s/photos/28704/28703399/gen1200_263158138.jpg"", ""https://s.auto.drom.ru/i24217/s/photos/28704/28703399/gen1200_263158159.jpg""]
Цена: 250000"
https://irkutsk.drom.ru/mazda/rx-8/27807024.html,"Ссылка: https://irkutsk.drom.ru/mazda/rx-8/27807024.html
Двигатель: бензин, 1.3 л
Мощность: 210 л.с
Трансмиссия: автомат
Привод: задний
Тип кузова: седан
Цвет: серебристый
Пробег по России: есть
Руль: правый
Особые отметки: требуется ремонт или не на ходу
Поколение: 
Номер кузова: SE3P****48
Дополнительно: Продам, не на ходу, не застрел, нужна замена статоров. Низкая компрессия. Все остальное заменено год в 2016 году. Готовы к конструктивному диалогу, торгу
Город: Иркутск
Фото: []
Цена: 260000"
https://kotelnich.drom.ru/mazda/rx-8/28457667.html,"Ссылка: https://kotelnich.drom.ru/mazda/rx-8/28457667.html
Двигатель: бензин, 1.3 л
Мощность: 210 л.с
Трансмиссия: автомат
Привод: задний
Тип кузова: седан
Цвет: красный
Пробег по России: есть
Пробег, км: 90000
Руль: правый
Поколение: 
Номер кузова: SEBP****57
Дополнительно: Отличный авто! Ходовая, Салон(ближе к новому) , ДВС в отличном состоянии! Двс заменен на контракт ( 9000 пробег по РФ).
употребляла только АИ100 и масло МАЗДА. Произведена Замена всех фильтров, свечей, тормозных колодок!НИ КАГОГО КОЛХОЗА! В ГОНКАХ И ПРОЧИХ ЗАЕЗДАХ НЕ УЧАСТВОВАЛА! БОЛЬШИНСТВО ХОЗЯЕВ ДЕВУШКИ! Так что машина не задр....на! Два комплекта колёс! торг у машины! из минусов нужно покрасить бампер и кусок крыла, в остальном в отличном техническом состоянии!
Обмен: на более дешевуюНа обмен предлагайте ТОЛЬКО ПРАВЫЙ РУЛЬ.
Город: Котельнич, Кировская область
Фото: [""https://s.auto.drom.ru/i24216/s/photos/28458/28457667/gen1200_257204605.jpg"", ""https://s.auto.drom.ru/i24216/s/photos/28458/28457667/gen1200_257204726.jpg"", ""https://s.auto.drom.ru/i24216/s/photos/28458/28457667/gen1200_257204755.jpg"", ""https://s.auto.drom.ru/i24216/s/photos/28458/28457667/gen1200_257204781.jpg"", ""https://s.auto.drom.ru/i24216/s/photos/28458/28457667/gen1200_257204968.jpg"", ""https://s.auto.drom.ru/i24216/s/photos/28458/28457667/gen1200_257204975.jpg"", ""https://s.auto.drom.ru/i24216/s/photos/28458/28457667/gen1200_257204999.jpg"", ""https://s.auto.drom.ru/i24216/s/photos/28458/28457667/gen1200_257217205.jpg""]
Цена: 290000"
https://lipovtsy.drom.ru/mazda/rx-8/28695535.html,"Ссылка: https://lipovtsy.drom.ru/mazda/rx-8/28695535.html
Двигатель: бензин
Трансмиссия: автомат
Привод: задний
Тип кузова: купе
Цвет: черный
Пробег по России: есть
Пробег, км: 110000
Руль: правый
Номер кузова: SE3P****45
Дополнительно: все тех жидкости поменяны, стойки спортивные на регулировках, салон не прокуренный, колёса на 18, пишите интересуйтесь, капиталка двс проводилась. апексы новые. компрессия отличная. Вся электрика все работает, все крутится вертится разъём под ноутбук выведен чтобы подключаться к мозгам самому. Лобовое целое без трещин. Автомат не пинается переключается 3 способами лепестками на руле и типтроником. Мост Lsd, увеличенный выворот колёс
Обмен: на более дорогую
Город: Липовцы, Приморский край"
https://belogorsk.drom.ru/mazda/rx-8/28384432.html,"Ссылка: https://belogorsk.drom.ru/mazda/rx-8/28384432.html
Двигатель: бензин, 1.3 л
Мощность: 210 л.с
Трансмиссия: автомат
Привод: задний
Тип кузова: купе
Цвет: синий
Пробег по России: есть
Пробег, км: 80000
Руль: правый
Номер кузова: SE3P-****30
Дополнительно: авто в хорошем состоянии, все тех. жидкости заменены, новая резина, контрактный двигатель и автомат.
Обмен: Возможен
Город: Белогорск, Амурская область
Фото: [""https://s.auto.drom.ru/i24216/s/photos/28385/28384432/gen1200_254849066.jpg"", ""https://s.auto.drom.ru/i24216/s/photos/28385/28384432/gen1200_254849145.jpg"", ""https://s.auto.drom.ru/i24216/s/photos/28385/28384432/gen1200_254849192.jpg"", ""https://s.auto.drom.ru/i24216/s/photos/28385/28384432/gen1200_254849292.jpg"", ""https://s.auto.drom.ru/i24216/s/photos/28385/28384432/gen1200_254849374.jpg""]
Цена: 295000"
https://chelyabinsk.drom.ru/mazda/rx-8/28692803.html,"Ссылка: https://chelyabinsk.drom.ru/mazda/rx-8/28692803.html
Двигатель: бензин
Мощность: 210 л.с
Привод: задний
Тип кузова: седан
Цвет: красный
Пробег по России: есть
Руль: правый
Особые отметки: требуется ремонт или не на ходу
Поколение: 1 поколение
Номер кузова: SE3P****99
Дополнительно: Срочно хороший торг!!!!!!!!!на данный момент авто полностью тразобран. готовился к покраске. брался для свапа планы изменились. нет средств и времени на доделку. устоновлен двс 2GZ GE VVT- I надо доделать электрику. устоновить рул. рейку вообщем работы с авто предостаточно. нету пер. бампера. фар. лобового стекла. калёс. есле не беру пишите. без доков и салона отдам дешевле. рассмотрю варианты обмена
Обмен: на более дорогую, на равноценную, на более дешевую, не на авто
Город: Челябинск
Фото: [""https://s.auto.drom.ru/i24217/s/photos/28693/28692803/gen1200_262890568.jpg"", ""https://s.auto.drom.ru/i24217/s/photos/28693/28692803/gen1200_262890637.jpg""]
Цена: 125000"
https://vladivostok.drom.ru/mazda/rx-8/28839011.html,"Ссылка: https://vladivostok.drom.ru/mazda/rx-8/28839011.html
Двигатель: бензин, 1.3 л
Мощность: 250 л.с
Трансмиссия: механика
Привод: задний
Тип кузова: седан
Цвет: белый
Пробег по России: без пробега
Руль: правый
Особые отметки: требуется ремонт или не на ходу,
Поколение: 
Комплектация: 
Номер кузова: SE3P****02
Дополнительно: Машина Распил!

Стоимость автомобиля со сборкой, включая таможню(как запчасти).
Данное авто находиться в Японии на стоянки, готова к отправке.
Машина качественно разбирается на берегу, всё что снимается с машины, аккуратно упаковывается в полиэтилен.
Во Владивосток приходит на стяжках которые фиксируют места распила. Машину можно без проблем перекатить, или погрузить на эвакуатор. Машина собрана.

Варианты сборки
Местонахождение: ЯпонияСтатус
Статус: под заказ. Указана конечная цена во Владивостоке
Фото: [""https://s.auto.drom.ru/i24218/s/photos/28840/28839011/gen1200_266431455.jpg"", ""https://s.auto.drom.ru/i24218/s/photos/28840/28839011/gen1200_266431465.jpg"", ""https://s.auto.drom.ru/i24218/s/photos/28840/28839011/gen1200_266431469.jpg"", ""https://s.auto.drom.ru/i24218/s/photos/28840/28839011/gen1200_266431473.jpg"", ""https://s.auto.drom.ru/i24218/s/photos/28840/28839011/gen1200_266431479.jpg"", ""https://s.auto.drom.ru/i24218/s/photos/28840/28839011/gen1200_266431485.jpg"", ""https://s.auto.drom.ru/i24218/s/photos/28840/28839011/gen1200_266431496.jpg"", ""https://s.auto.drom.ru/i24218/s/photos/28840/28839011/gen1200_266431500.jpg"", ""https://s.auto.drom.ru/i24218/s/photos/28840/28839011/gen1200_266431507.jpg"", ""https://s.auto.drom.ru/i24218/s/photos/28840/28839011/gen1200_266431515.jpg"", ""https://s.auto.drom.ru/i24218/s/photos/28840/28839011/gen1200_266431521.jpg"", ""https://s.auto.drom.ru/i24218/s/photos/28840/28839011/gen1200_266431532.jpg"", ""https://s.auto.drom.ru/i24218/s/photos/28840/28839011/gen1200_266431540.jpg"", ""https://s.auto.drom.ru/i24218/s/photos/28840/28839011/gen1200_266432740.jpg""]
Цена: 180000"
https://vladivostok.drom.ru/mazda/rx-8/18030397.html,"Ссылка: https://vladivostok.drom.ru/mazda/rx-8/18030397.html
Двигатель: бензин, 1.3 л
Трансмиссия: механика
Привод: задний
Тип кузова: купе
Пробег по России: без пробега
Руль: правый
Особые отметки: документы с проблемами или отсутствуют
Номер кузова: SE3P-0****78
Дополнительно: Автомобиль(""распил"") находится в Японии, цена указана во Владивостоке, со всеми расходами, за собранный автомобиль, без ПТС. Хорошее техническое состояние, чистый салон, аукционный лист отправим на почту по запросу.

Сборка качественная, шов проваривается и усиливается дополнительно. Гарантия соответствия автомобиля аукционному после сборки. Цена без сборки на 23.000 рублей дешевле. Срок доставки около 30 дней. Автомобиль застрахован на всех этапах следования, фотоотчёты! Отправка в любой регион РФ.

СПЕЦПРЕДЛОЖЕНИЕ! Вы можете заказать этот автомобиль на паллете! Машина целиком разбирается на запчасти, каркас кузова остаётся в Японии. Такой способ привоза на порядок дешевле распила! Помимо этого вы экономите на доставке по России - она в 2-3 раза дешевле! 

Подбор других цветов и комплектаций на аукционах с высокой оценкой и в отличном состоянии. Возможно, с более низкой стоимостью. Подбор «один в один» под документы клиента. 100% соответствие фотографиям и аукционному листу. Итоговая цена прописывается в договоре.

Образец договора, схема сотрудничества + видео инструкция, фото распила и сборки, фотоотчёты о деятельности компании, доступ на аукционы и статистику, объявления о продаже авто, отзывы и фото клиентов, гарантии и преимущества, статьи в прессе о нас, информация о компании и многое другое смотрите на WWW. JPTRADE. RU/AUTO. Спецпроект по распилам и паллетам
Местонахождение: ЯпонияСтатус
Статус: под заказ. Указана конечная цена во Владивостоке"
https://vladivostok.drom.ru/mazda/rx-8/13849669.html,"Ссылка: https://vladivostok.drom.ru/mazda/rx-8/13849669.html
Двигатель: бензин, 1.3 л
Трансмиссия: механика
Привод: задний
Тип кузова: седан
Пробег по России: без пробега
Руль: правый
Особые отметки: документы с проблемами или отсутствуют
Поколение: 1 поколение
Номер кузова: SE3P-****50
Дополнительно: Здравствуйте, Уважаемые Автовладельцы, Заказчики и Конкуренты!

Автомобиль не аукционный, аукционника нет. 

Как приобрести? Договор и предоплата 30.000 р. Остальная часть денег при поступлении авто во Владивосток.

Цена указана КОНЕЧНАЯ за две несобранные половинки с учетом ВСЕХ расходов и комиссий.

АВТО НЕ В ЦВЕТ? ПОДБЕРЕМ, КУПИМ И ПРИВЕЗЕМ! ЗВОНИТЕ НА БЕСПЛАТНЫЙ НОМЕР 8-800-500-02-49 ПИШИТЕ НА ВАТСАП 8-924-230-88-44

Рассчитайте КОНЕЧНУЮ стоимость Вашего авто во Владивостоке, воспользовавшись нашей реально прозрачной схемой работы по покупке и поставке автомобилей из Японии.

Расходы по Японии при покупки автомобиля с аукциона - 60.000 иен;
+ фрахт и разбор авто 450 долларов США;
+ склад и пошлина
Местонахождение: ЯпонияСтатус
Статус: под заказ. Указана конечная цена во Владивостоке"
https://vladivostok.drom.ru/mazda/rx-8/27010688.html,"Ссылка: https://vladivostok.drom.ru/mazda/rx-8/27010688.html
Двигатель: бензин, 1.3 л
Мощность: 250 л.с
Трансмиссия: механика
Привод: задний
Тип кузова: купе
Цвет: серый
Пробег по России: без пробега
Пробег, км: 70000
Руль: правый
Особые отметки: требуется ремонт или не на ходу,
Номер кузова: SE3P-****94
Дополнительно: TYPE S!!!


РАСПИЛ! 
ЦЕНА ЗА СОБРАННЫЙ, ВКЛЮЧАЯ РАСТАМОЖКУ
Без сборки цена ниже на 23. 000 рублей

--------------------------------------------
*****************************
--------------------------------------------
Автомобиль под заказ из Японии – отличный вариант для тех, 
кто хочет приобрести качественный авто с прозрачной историей и без переплат!
***
Распил через SferaCar это
Местонахождение: ЯпонияСтатус
Статус: под заказ. Указана конечная цена во Владивостоке
Фото: [""https://s.auto.drom.ru/i24212/s/photos/27011/27010688/gen1200_226100411.jpg"", ""https://s.auto.drom.ru/i24212/s/photos/27011/27010688/gen1200_226100420.jpg"", ""https://s.auto.drom.ru/i24212/s/photos/27011/27010688/gen1200_226100424.jpg"", ""https://s.auto.drom.ru/i24212/s/photos/27011/27010688/gen1200_226100436.jpg"", ""https://s.auto.drom.ru/i24212/s/photos/27011/27010688/gen1200_226100445.jpg"", ""https://s.auto.drom.ru/i24212/s/photos/27011/27010688/gen1200_226100461.jpg"", ""https://s.auto.drom.ru/i24212/s/photos/27011/27010688/gen1200_226100470.jpg""]
Цена: 199000"
https://sayansk.drom.ru/mazda/rx-8/22230293.html,"Ссылка: https://sayansk.drom.ru/mazda/rx-8/22230293.html
Двигатель: бензин, 1.3 л
Мощность: 210 л.с
Трансмиссия: автомат
Привод: задний
Тип кузова: седан
Цвет: синий
Пробег по России: есть
Пробег, км: 139000
Руль: правый
Поколение: 
Номер кузова: SE3P****09
Дополнительно: Возможно выпал апекс мотор не разбирался не делался ранее. Цена за деньги, нужный авто выбран Кузов, ходовая и трансмиссия в очень классном состоянии, Богатая комплектация ""тайп-Е"" отличается от ""басед грейд"" наличием (музыка босе, в мосту -лсд, черная кожа, круиз контроль, туманки, заводские обвесные каннарды и юбки, система дск и корректировки света, тормоза большого размера и 18 диски)),  Обута в лето, в моих руках 4 года,  с документами полный порядок, полная пошлина, машина никакому колхозному тюнингу не подвергалась. Все интересующие вопросы по телефону.
Обмен не нужен. На разницу в цене с 450000 (а это 200000 р.) новому владельцу остается альтернатива выбора отремонтировать этот мотор (от 60-90 т. дам контакт), либо поставить контракт, либо встать на учет на этом моторе и приступить к свапу на любой мотор.
Город: Саянск, Иркутская область
Фото: [""https://s.auto.drom.ru/i24202/s/photos/22231/22230293/gen1200_187266953.jpg"", ""https://s.auto.drom.ru/i24202/s/photos/22231/22230293/gen1200_187267362.jpg"", ""https://s.auto.drom.ru/i24202/s/photos/22231/22230293/gen1200_187267363.jpg"", ""https://s.auto.drom.ru/i24202/s/photos/22231/22230293/gen1200_187441948.jpg"", ""https://s.auto.drom.ru/i24202/s/photos/22231/22230293/gen1200_187441951.jpg"", ""https://s.auto.drom.ru/i24202/s/photos/22231/22230293/gen1200_187441956.jpg""]
Цена: 249000"
https://novosibirsk.drom.ru/mazda/rx-8/24839546.html,"Ссылка: https://novosibirsk.drom.ru/mazda/rx-8/24839546.html
Двигатель: бензин, 1.3 л
Мощность: 210 л.с
Трансмиссия: автомат
Привод: задний
Тип кузова: купе
Цвет: серебристый
Пробег по России: есть
Пробег, км: 99000
Руль: правый
Номер кузова: SE3P****29
Дополнительно: Продам любимую игрушку или обменяю на деньги.
Играю в неё четыре года. Играю исключительно летом. Никакого тюнинга!
За время пользования на Рыксе восстановлен (предыдущие хозяева удалили) катализатор, передние амортизаторы. Кондиционер работает, заправлен. Новые свечи и высоковольтные провода. Магнитола перепаяна на сотый диапазон, читает мп3. Камера заднего вида штатная, ксенон штатный. Сигнализация с автозапуском. Тонировка задних стекол. Тканевый темный салон. Ошибок нет, все контрольные лампы работают (на штатном месте и не заклеены). ПТС оригинал! Резина липучка.
Из недостатков
Город: Новосибирск
Фото: [""https://s.auto.drom.ru/i24211/s/photos/24840/24839546/gen1200_221045218.jpg"", ""https://s.auto.drom.ru/i24211/s/photos/24840/24839546/gen1200_221045228.jpg"", ""https://s.auto.drom.ru/i24211/s/photos/24840/24839546/gen1200_221045238.jpg"", ""https://s.auto.drom.ru/i24211/s/photos/24840/24839546/gen1200_221045265.jpg"", ""https://s.auto.drom.ru/i24211/s/photos/24840/24839546/gen1200_221045294.jpg"", ""https://s.auto.drom.ru/i24218/s/photos/24840/24839546/gen1200_267493649.jpg"", ""https://s.auto.drom.ru/i24218/s/photos/24840/24839546/gen1200_267493752.jpg"", ""https://s.auto.drom.ru/i24218/s/photos/24840/24839546/gen1200_267493833.jpg""]
Цена: 270000"
https://abakan.drom.ru/mazda/rx-8/27348233.html,"Ссылка: https://abakan.drom.ru/mazda/rx-8/27348233.html
Двигатель: бензин, 1.3 л
Мощность: 210 л.с
Трансмиссия: автомат
Привод: задний
Тип кузова: седан
Цвет: бордовый
Пробег по России: есть
Пробег, км: 100000
Руль: правый
Особые отметки: требуется ремонт или не на ходу
Поколение: 
Номер кузова: SE3R-****56
Дополнительно: зачихал мотор, в Новосибирске есть в наличии 52.000,  25птс, в остальном все в идеале... мотор появился в Красноярске за 50.000
Обмен: на более дорогую, на равноценную, на более дешевуюОбмен только на авто... если с моей доплатой цена 300.000, могу доплатить Автосимулятором 250.000 стоит
Город: Абакан
Фото: [""https://s.auto.drom.ru/i24216/s/photos/27349/27348233/gen1200_254373107.jpg"", ""https://s.auto.drom.ru/i24216/s/photos/27349/27348233/gen1200_254373114.jpg"", ""https://s.auto.drom.ru/i24216/s/photos/27349/27348233/gen1200_254373122.jpg"", ""https://s.auto.drom.ru/i24216/s/photos/27349/27348233/gen1200_254373129.jpg"", ""https://s.auto.drom.ru/i24216/s/photos/27349/27348233/gen1200_254373138.jpg"", ""https://s.auto.drom.ru/i24216/s/photos/27349/27348233/gen1200_254373165.jpg"", ""https://s.auto.drom.ru/i24216/s/photos/27349/27348233/gen1200_254373174.jpg""]
Цена: 270000"
https://abakan.drom.ru/mazda/rx-8/28431449.html,"Ссылка: https://abakan.drom.ru/mazda/rx-8/28431449.html
Двигатель: бензин, 1.3 л
Мощность: 210 л.с
Трансмиссия: автомат
Привод: задний
Тип кузова: седан
Цвет: красный
Пробег по России: есть
Руль: правый
Поколение: 
Комплектация: 
Номер кузова: SEP3-****80
Обмен: Возможен
Город: Абакан
Фото: []
Цена: 100000"
https://irkutsk.drom.ru/mazda/rx-8/28427976.html,"Ссылка: https://irkutsk.drom.ru/mazda/rx-8/28427976.html
Двигатель: бензин, 1.3 л
Мощность: 210 л.с
Трансмиссия: автомат
Привод: задний
Тип кузова: седан
Цвет: черный
Пробег по России: есть
Пробег, км: 160000
Руль: правый
Особые отметки: требуется ремонт или не на ходу
Поколение: 
Номер кузова: RX****47
Дополнительно: Срочная продажа!!! Торг ВОЗЛЕ КАПОТА!!!!обьявление которое находиться ниже на Дроме это тоже самое что и это обьявление, только звонить на этот номер, т к тот утерян! на ходу, нужно заменить заднее правое крыло, заднюю правую фару, бампер, стекло. Мотор в хорошем состоянии. Заменён был в декабре 16 года. Стоят 18 Колеса на хорошей зимней резине. При Дтп аланжерон не задет. Запчастей максимум на 30 тыс. СРОЧНО!! Все остальные вопросы по телефону.
Город: Иркутск
Фото: [""https://s.auto.drom.ru/i24217/s/photos/28428/28427976/gen1200_261973065.jpg"", ""https://s.auto.drom.ru/i24217/s/photos/28428/28427976/gen1200_262183708.jpg"", ""https://s.auto.drom.ru/i24217/s/photos/28428/28427976/gen1200_262183762.jpg"", ""https://s.auto.drom.ru/i24218/s/photos/28428/28427976/gen1200_267990865.jpg"", ""https://s.auto.drom.ru/i24218/s/photos/28428/28427976/gen1200_267990913.jpg"", ""https://s.auto.drom.ru/i24218/s/photos/28428/28427976/gen1200_267990950.jpg"", ""https://s.auto.drom.ru/i24218/s/photos/28428/28427976/gen1200_267990999.jpg"", ""https://s.auto.drom.ru/i24218/s/photos/28428/28427976/gen1200_267991056.jpg"", ""https://s.auto.drom.ru/i24218/s/photos/28428/28427976/gen1200_267991085.jpg"", ""https://s.auto.drom.ru/i24218/s/photos/28428/28427976/gen1200_267991141.jpg"", ""https://s.auto.drom.ru/i24218/s/photos/28428/28427976/gen1200_268994459.jpg""]
Цена: 200000"
